Section,Question,Answer
Access Control,Do you enforce multi-factor authentication (MFA) for production systems?,
Access Control,Are shared administrative accounts used in production?,
Access Control,How quickly is access revoked after employee termination?,
Encryption,Is data encrypted in transit?,
Encryption,Is data encrypted at rest?,
Encryption,Where are API keys and secrets stored?,
Logging,How long are security logs retained?,
Logging,Do customers get direct SIEM access to your logs?,
Vulnerability Management,How often do you scan dependencies and container images?,
Vulnerability Management,What is your remediation SLA for critical vulnerabilities?,
Vulnerability Management,Do you perform external penetration testing?,
Backup & DR,What are your RPO and RTO targets?,
Backup & DR,Are backups encrypted?,
Incident Response,Do you have a documented incident response plan?,
Incident Response,Within what timeframe do you notify customers of a confirmed breach?,
Compliance,Do you have SOC 2 Type II?,
Compliance,Are you ISO 27001 certified?,
Network,Is inbound SSH from the public internet allowed to production hosts?,
Secure Development,Are pull request peer reviews required before merging to main?,
Data Retention,How do you handle customer data deletion requests?,
